ip,port,anonymous,info,speed
183.61.236.54,3128,3,中国-广东-东莞,0.029307126998901367
119.38.160.59,80,3,中国-广东-中山-efly.cc,0.03474998474121094
121.201.9.177,3128,3,中国-广东-中山,0.04906296730041504
121.201.107.76,80,3,中国-广东-中山,0.05378293991088867
202.105.131.236,80,3,中国-广东-深圳,0.059163808822631836
121.14.6.236,80,3,中国-广东-广州,0.06458091735839844
221.181.207.4,80,3,中国-江苏,0.06836390495300293
183.61.236.53,3128,3,中国-广东-东莞,0.07018899917602539
218.205.80.13,80,3,中国-浙江-杭州,0.07020998001098633
111.1.23.149,80,3,中国-浙江-杭州,0.07188296318054199
111.1.23.189,80,3,中国-浙江-杭州,0.07665181159973145
218.205.80.12,80,3,中国-浙江-杭州,0.07727289199829102
111.1.23.213,8080,3,中国-浙江-杭州,0.07858800888061523
221.179.197.232,80,3,中国-北京-北京,0.08608293533325195
211.68.70.78,80,3,中国-北京-北京-北邮电信研究院,0.08692502975463867
101.200.82.193,80,3,中国-北京-北京,0.08855199813842773
123.56.105.208,80,3,中国-北京-北京,0.09075498580932617
61.132.241.109,808,3,中国-安徽-合肥,0.09409308433532715
223.99.228.54,80,3,中国-山东,0.0951230525970459
111.1.23.140,80,3,中国-浙江-杭州,0.09903097152709961
121.43.169.56,8888,3,中国-浙江-杭州,0.10342001914978027
58.83.141.70,80,3,中国-北京-北京,0.10659909248352051
223.99.228.55,80,3,中国-山东,0.10775899887084961
202.171.253.72,80,3,中国-澳门,0.10806989669799805
218.3.177.36,8089,3,中国-江苏-徐州,0.10874700546264648
121.40.197.159,80,3,中国-浙江-杭州,0.11750006675720215
120.52.72.58,80,3,中国-河北-廊坊,0.11808896064758301
115.159.185.186,8088,3,中国-上海-上海,0.1181190013885498
125.64.94.120,80,3,中国-四川-德阳,0.12241482734680176
121.40.250.25,80,3,中国-浙江-杭州,0.13308191299438477
222.68.185.241,80,3,中国-上海-上海,0.14116883277893066
222.85.127.130,9999,3,中国-河南-郑州,0.14611387252807617
123.56.74.13,8080,3,中国-北京-北京,0.150191068649292
218.83.157.188,80,3,中国-上海-上海,0.16359996795654297
120.52.72.59,80,3,中国-河北-廊坊,0.16640591621398926
113.135.182.77,8888,3,中国-陕西-安康,0.16965413093566895
210.51.161.61,80,3,中国-北京-北京,0.16988515853881836
183.50.138.20,3128,3,中国-广东-肇庆,0.1818540096282959
219.138.139.174,8000,3,中国-湖北-黄冈,0.18351197242736816
120.52.72.56,80,3,中国-河北-廊坊,0.18959903717041016
1.197.120.28,8888,3,中国-河南-驻马店,0.19707298278808594
139.196.108.68,80,3,中国-上海-上海,0.1972200870513916
60.211.209.75,80,3,中国-山东-济宁,0.19987702369689941
120.52.73.123,8080,3,中国-河北-廊坊,0.20460200309753418
23.91.97.54,80,3,中国-香港,0.21275091171264648
112.255.29.183,81,3,中国-山东-青岛,0.2127530574798584
39.88.192.157,81,3,中国-山东-青岛,0.2156999111175537
218.75.54.153,80,3,中国-浙江-湖州,0.21838998794555664
59.107.26.220,10000,3,中国-广东-广州,0.22080492973327637
112.226.117.243,81,3,中国-山东-青岛,0.22386407852172852
122.70.141.42,80,3,中国-北京-北京,0.23167920112609863
60.191.164.83,3128,3,中国-浙江-台州,0.23769807815551758
202.106.16.36,3128,3,中国-北京-北京,0.24263596534729004
122.96.59.102,80,3,中国-江苏-南京,0.24428606033325195
111.23.4.155,80,3,中国-湖南,0.25641584396362305
210.101.131.231,8080,3,韩国-韩国,0.2620391845703125
122.193.14.104,80,3,中国-江苏,0.2672581672668457
39.88.95.169,81,3,中国-山东-青岛,0.2676701545715332
122.193.14.104,83,3,中国-江苏,0.2701139450073242
182.118.120.219,8888,3,中国-河南-许昌,0.2731468677520752
210.83.223.26,80,3,中国-辽宁-大连,0.2771799564361572
27.210.128.146,81,3,中国-山东-青岛,0.27988505363464355
120.52.72.52,80,3,中国-河北-廊坊,0.28556299209594727
120.52.72.54,80,3,中国-河北-廊坊,0.2877919673919678
1.24.172.190,8888,3,中国-内蒙古-锡林郭勒盟,0.2880880832672119
123.56.85.247,80,3,中国-北京-北京,0.2915821075439453
58.248.24.158,80,3,中国-广东-广州,0.2956259250640869
120.52.21.132,8082,3,中国-河北-廊坊,0.3020470142364502
117.78.1.78,80,3,中国-河北-廊坊-huawei.com,0.3068850040435791
211.153.17.151,80,3,中国-北京-北京,0.3073139190673828
122.193.14.108,82,3,中国-江苏,0.30886197090148926
210.13.77.66,8080,3,中国-上海-上海,0.3121011257171631
60.235.28.165,8088,3,中国-山东-青岛,0.32190394401550293
112.81.74.207,8888,3,中国-江苏-苏州,0.32723093032836914
112.112.70.115,80,3,中国-云南-昆明,0.32886791229248047
112.87.105.235,81,3,中国-江苏-无锡,0.3299291133880615
122.193.14.106,83,3,中国-江苏,0.33192014694213867
60.214.118.170,63000,3,中国-山东-枣庄,0.3331789970397949
122.193.14.102,80,3,中国-江苏,0.34063005447387695
1.82.216.135,80,3,中国-陕西-宝鸡,0.3414020538330078
113.124.248.2,1337,3,中国-山东-烟台,0.34302306175231934
122.193.14.106,80,3,中国-江苏,0.34542202949523926
112.226.113.66,81,3,中国-山东-青岛,0.34665489196777344
59.127.38.117,8080,3,中国-台湾,0.34911298751831055
124.133.230.254,80,3,中国-山东-济南,0.35363221168518066
211.147.7.96,80,3,中国-北京-北京,0.3536691665649414
210.14.135.13,80,3,中国-北京-北京,0.3545560836791992
111.23.4.138,80,3,中国-湖南,0.3552701473236084
140.255.17.169,8888,3,中国-山东-济南,0.3569519519805908
202.107.70.6,80,3,中国-辽宁-丹东,0.35753703117370605
42.235.47.28,8888,3,中国-河南-商丘,0.3599720001220703
121.201.97.137,80,3,中国-广东-中山,0.3671097755432129
124.88.67.31,81,3,中国-新疆-乌鲁木齐,0.3695230484008789
112.112.70.118,80,3,中国-云南-昆明,0.3719809055328369
39.77.37.174,81,3,中国-山东-青岛,0.37273097038269043
122.96.59.102,83,3,中国-江苏-南京,0.37808704376220703
39.65.58.124,81,3,中国-山东-青岛,0.3922867774963379
182.37.22.192,8118,3,中国-山东-日照,0.39285707473754883
122.96.59.99,80,3,中国-江苏-南京,0.4090549945831299
221.219.184.76,81,3,中国-北京-北京,0.40928006172180176
60.191.164.226,3128,3,中国-浙江-台州,0.41228485107421875
94.23.55.182,80,3,法国-法国,0.4182400703430176
61.156.241.197,8080,3,中国-山东-泰安,0.41919684410095215
111.23.4.138,8080,3,中国-湖南,0.4298670291900635
122.193.9.91,80,3,中国-江苏,0.4392280578613281
118.119.254.101,80,3,中国-四川-乐山,0.4491300582885742
120.52.72.21,80,3,中国-河北-廊坊,0.4521639347076416
52.208.126.100,80,3,美国-美国,0.45235681533813477
223.68.1.38,8000,3,中国-江苏-宿迁,0.4544100761413574
118.144.156.2,3128,3,中国-北京-北京,0.46639108657836914
124.74.108.2,80,3,中国-上海-上海,0.47718119621276855
124.88.67.54,80,3,中国-新疆-乌鲁木齐,0.4886050224304199
122.193.14.106,82,3,中国-江苏,0.4893460273742676
124.88.67.54,843,3,中国-新疆-乌鲁木齐,0.49272799491882324
124.88.67.23,81,3,中国-新疆-乌鲁木齐,0.5047528743743896
124.88.67.32,81,3,中国-新疆-乌鲁木齐,0.509619951248169
124.206.133.227,80,3,中国-北京-北京,0.519528865814209
124.88.67.32,83,3,中国-新疆-乌鲁木齐,0.5196270942687988
123.138.89.131,9999,3,中国-陕西-西安,0.5198030471801758
124.88.67.32,80,3,中国-新疆-乌鲁木齐,0.5220649242401123
124.88.67.20,843,3,中国-新疆-乌鲁木齐,0.5263330936431885
124.88.67.17,80,3,中国-新疆-乌鲁木齐,0.5272350311279297
124.88.67.17,83,3,中国-新疆-乌鲁木齐,0.5340530872344971
124.88.67.17,82,3,中国-新疆-乌鲁木齐,0.5359599590301514
122.96.59.107,843,3,中国-江苏-南京,0.5397191047668457
121.52.232.50,80,3,中国-浙江-杭州,0.5453109741210938
124.88.67.23,843,3,中国-新疆-乌鲁木齐,0.5462720394134521
183.61.236.55,3128,3,中国-广东-东莞,0.5497260093688965
61.163.45.240,3128,3,中国-河南-新乡,0.5509030818939209
221.213.44.5,3128,3,中国-云南-昆明,0.5562620162963867
122.232.40.11,8888,3,中国-浙江-嘉兴,0.5719020366668701
121.17.123.54,8080,3,中国-河北-衡水,0.5734541416168213
182.37.119.225,8998,3,中国-山东-日照,0.5773758888244629
67.205.138.103,8080,3,美国-美国,0.5779168605804443
111.23.4.138,8000,3,中国-湖南,0.5929989814758301
116.19.183.160,3128,3,中国-广东-肇庆,0.6046619415283203
58.83.141.73,80,3,中国-北京-北京,0.604964017868042
106.75.176.4,80,3,中国-中国,0.6193180084228516
122.96.59.102,843,3,中国-江苏-南京,0.6219758987426758
220.194.199.179,80,3,中国-河北-石家庄,0.6285309791564941
113.105.186.142,8080,3,中国-广东-东莞,0.6391658782958984
210.13.89.158,8000,3,中国-上海-上海,0.6644351482391357
124.88.67.17,843,3,中国-新疆-乌鲁木齐,0.6693558692932129
218.205.80.8,80,3,中国-浙江-杭州,0.7003519535064697
121.193.143.249,80,3,中国-天津-天津-天津大学,0.7104048728942871
175.42.45.167,8888,3,中国-福建-福州,0.7353010177612305
120.76.217.74,3128,3,中国-广东-深圳,0.74534010887146
218.205.80.2,80,3,中国-浙江-杭州,0.7898690700531006
112.112.70.116,80,3,中国-云南-昆明,0.8114118576049805
163.125.254.167,9000,3,中国-广东-深圳,0.8144559860229492
112.226.116.39,81,3,中国-山东-青岛,0.823296070098877
122.96.59.99,843,3,中国-江苏-南京,0.8480019569396973
220.160.22.115,80,3,中国-福建-福州,0.850848913192749
211.138.151.121,80,3,中国-福建-福州,0.861112117767334
111.12.82.4,80,3,中国-广西-贵港,0.865466833114624
103.54.219.18,8080,3,印度尼西亚-印度尼西亚,0.8658161163330078
118.151.209.114,80,3,印度-印度,0.9107089042663574
122.96.59.98,80,3,中国-江苏-南京,0.9128170013427734
182.36.216.67,8888,3,中国-山东-东营,0.920619010925293
124.88.67.31,843,3,中国-新疆-乌鲁木齐,0.9740111827850342
213.165.155.189,80,3,英国-英国,0.9745810031890869
47.88.195.233,3128,3,新加坡-新加坡,0.9781851768493652
177.200.211.10,8080,3,巴西-巴西,0.9948430061340332
124.88.67.20,80,3,中国-新疆-乌鲁木齐,1.0101149082183838
124.88.67.24,843,3,中国-新疆-乌鲁木齐,1.0163488388061523
60.162.35.178,8888,3,中国-浙江-台州,1.0887980461120605
218.76.106.78,3128,3,中国-湖南-张家界,1.094573974609375
23.91.96.251,80,3,中国-香港,1.1090281009674072
218.103.60.205,8080,3,中国-香港,1.114027976989746
219.144.210.24,81,3,中国-陕西-西安,1.125378131866455
113.85.204.9,3128,3,中国-广东-肇庆,1.1293160915374756
125.77.198.15,80,3,中国-福建-厦门,1.1543939113616943
92.222.237.16,8898,3,法国-法国,1.1650328636169434
94.20.21.38,3128,3,阿塞拜疆-阿塞拜疆,1.1778130531311035
49.73.181.87,81,3,中国-江苏-苏州,1.2118690013885498
39.67.24.35,81,3,中国-山东-临沂,1.221418857574463
14.209.20.249,3128,3,中国-广东-肇庆,1.228240966796875
122.193.14.108,80,3,中国-江苏,1.234971046447754
122.224.227.202,3128,3,中国-浙江-杭州,1.2354259490966797
218.90.174.167,3128,3,中国-江苏-无锡,1.2406129837036133
119.165.168.169,81,3,中国-山东-青岛,1.242218017578125
36.102.87.192,8888,3,中国-内蒙古-呼伦贝尔,1.243077039718628
27.8.190.68,8888,3,中国-重庆-重庆,1.2763700485229492
27.194.230.14,8888,3,中国-山东-烟台,1.2895259857177734
183.18.164.175,3128,3,中国-广东-肇庆,1.3389949798583984
210.74.157.227,80,3,中国-陕西,1.3727869987487793
223.16.227.193,8080,3,中国-香港,1.4058291912078857
94.209.99.35,80,3,荷兰-荷兰,1.4268269538879395
108.61.189.158,80,3,荷兰-荷兰,1.4536499977111816
124.65.111.46,80,3,中国-北京-北京,1.470716953277588
124.160.149.67,80,3,中国-浙江-杭州,1.5040221214294434
39.77.154.248,81,3,中国-山东-青岛,1.5060341358184814
183.62.196.10,3128,3,中国-广东-深圳,1.5119438171386719
59.34.19.5,3128,3,中国-广东-肇庆,1.5154609680175781
125.39.250.156,80,3,中国-天津-天津,1.519577980041504
159.203.61.42,8080,3,加拿大-加拿大,1.5460948944091797
59.34.18.225,3128,3,中国-广东-肇庆,1.5731000900268555
124.88.67.32,843,3,中国-新疆-乌鲁木齐,1.7007758617401123
113.185.19.225,80,3,越南-越南,1.7457051277160645
220.188.52.121,8888,3,中国-浙江-金华,1.7735180854797363
101.4.136.34,8080,3,中国-中国--赛尔新技术(北京)有限公司,1.8151519298553467
219.131.110.165,3128,3,中国-广东-肇庆,1.8185999393463135
101.254.188.198,8080,3,中国-北京-北京,1.8448669910430908
80.88.90.153,8080,3,意大利-意大利,1.8766059875488281
110.77.248.170,8080,3,泰国-泰国,1.8912341594696045
59.34.2.93,3128,3,中国-广东-肇庆,1.9060099124908447
122.114.36.13,808,3,中国-河南-郑州,1.9215950965881348
47.89.41.164,80,3,美国-美国,1.9260239601135254
200.29.191.149,3128,3,智利-智利,1.9660110473632812
65.98.2.22,3128,3,美国-美国,2.014822006225586
124.134.225.35,8888,3,中国-山东-潍坊,2.037982940673828
149.56.206.48,8080,3,美国-美国,2.0476369857788086
182.48.113.11,8088,3,中国-北京-北京,2.051177978515625
5.189.135.39,3128,3,德国-德国,2.055781841278076
101.204.16.171,8080,3,中国-四川-成都,2.0679850578308105
203.136.135.84,80,3,日本-日本,2.0960240364074707
128.199.150.50,3128,3,新加坡-新加坡,2.1122281551361084
162.13.86.16,8080,3,英国-英国,2.1313791275024414
94.177.250.70,8080,3,罗马尼亚-罗马尼亚,2.2353451251983643
180.106.197.15,81,3,中国-江苏-苏州,2.277661085128784
61.160.190.34,8088,3,中国-江苏-泰州,2.3316941261291504
62.100.206.253,3128,3,荷兰-荷兰,2.337907075881958
117.28.255.84,80,3,中国-福建-厦门,2.3386549949645996
110.77.208.225,3128,3,泰国-泰国,2.432049036026001
183.19.15.36,3128,3,中国-广东-肇庆,2.458017110824585
115.28.101.22,3128,3,中国-山东-青岛,2.4586269855499268
128.199.253.84,8080,3,新加坡-新加坡,2.465405225753784
128.199.185.162,3128,3,新加坡-新加坡,2.507050037384033
122.72.18.160,80,3,中国-山西,2.5344719886779785
211.143.146.235,80,3,中国-福建-福州,2.5423200130462646
67.205.147.116,8080,3,美国-美国,2.543121099472046
212.59.240.64,3128,3,波兰-波兰,2.56820011138916
113.185.19.200,80,3,越南-越南,2.612104892730713
112.255.9.71,81,3,中国-山东-青岛,2.630753993988037
92.222.237.42,8898,3,法国-法国,2.6564810276031494
124.207.186.154,3128,3,中国-北京-北京,2.6676859855651855
103.42.251.24,8080,3,印度-印度,2.734678030014038
92.222.237.75,8898,3,法国-法国,2.735079050064087
120.55.249.97,8080,3,中国-浙江-杭州,2.739428997039795
74.208.146.112,80,3,美国-美国,2.8100268840789795
60.11.41.124,3128,3,中国-黑龙江-伊春,2.83322811126709
183.18.165.186,3128,3,中国-广东-肇庆,2.8572418689727783
60.15.8.130,3128,3,中国-黑龙江-伊春,2.9209258556365967
50.30.152.130,8086,3,美国-美国,2.923760175704956
188.113.138.238,3128,3,俄罗斯-俄罗斯,2.925503969192505
65.246.163.54,3128,3,美国-美国,2.9700927734375
101.4.136.34,80,3,中国-中国--赛尔新技术(北京)有限公司,2.9786300659179688
158.69.87.143,3128,3,加拿大-加拿大,3.012086868286133
91.250.119.107,3128,3,德国-德国,3.0631489753723145
112.195.65.181,8118,3,中国-四川-眉山,3.065570831298828
219.131.111.15,3128,3,中国-广东-肇庆,3.0759530067443848
204.13.164.179,80,3,美国-美国,3.088602066040039
49.83.96.79,81,3,中国-江苏-盐城,3.0937609672546387
202.152.40.28,8080,3,印度尼西亚-印度尼西亚,3.1709799766540527
42.5.120.30,8888,3,中国-辽宁,3.173305034637451
112.195.73.108,8118,3,中国-四川-眉山,3.199954032897949
197.234.33.162,8080,3,尼日利亚-尼日利亚,3.274764060974121
27.210.173.225,81,3,中国-山东-青岛,3.2934601306915283
122.96.59.106,82,3,中国-江苏-南京,3.326108932495117
112.87.101.143,81,3,中国-江苏-无锡,3.333631992340088
112.87.108.88,81,3,中国-江苏-无锡,3.337100028991699
120.25.105.45,81,3,中国-广东-深圳,3.3624658584594727
41.33.43.168,8080,3,埃及-埃及,3.421815872192383
94.177.232.163,3128,3,罗马尼亚-罗马尼亚,3.4544317722320557
58.67.159.50,80,3,中国-广东-广州-gzidc.com,3.459660053253174
131.221.41.34,8080,3,哥伦比亚-哥伦比亚,3.525522232055664
200.61.47.14,3128,3,阿根廷-阿根廷,3.597665786743164
65.98.2.19,3128,3,美国-美国,3.6380670070648193
200.109.182.109,8080,3,委内瑞拉-委内瑞拉,3.645689010620117
122.96.59.107,80,3,中国-江苏-南京,3.664433002471924
92.222.237.119,8888,3,法国-法国,3.71462082862854
175.155.153.174,8118,3,中国-四川-眉山,3.7677979469299316
210.21.73.124,80,3,中国-广东-广州,3.845736026763916
107.178.4.109,8080,3,美国-美国,3.9107139110565186
59.34.19.111,3128,3,中国-广东-肇庆,3.9193880558013916
163.172.12.246,80,3,法国-法国,4.082982063293457
122.70.135.27,80,3,中国-北京-北京,4.099822044372559
149.86.225.105,80,3,波兰-波兰,4.2464399337768555
111.201.239.27,81,3,中国-北京-北京,4.2663750648498535
49.75.130.214,808,3,中国-江苏-苏州,4.304296970367432
5.196.44.136,3128,3,法国-法国,4.41975212097168
123.166.185.143,808,3,中国-黑龙江-哈尔滨,4.420951843261719
89.40.126.228,3128,3,罗马尼亚-罗马尼亚,4.467583894729614
120.92.3.165,80,3,中国-北京-北京-kingsoft.com,4.47339391708374
85.143.209.218,3128,3,俄罗斯-俄罗斯,4.491185903549194
84.52.93.202,3128,3,俄罗斯-俄罗斯,4.556524991989136
60.191.170.122,3128,3,中国-浙江-台州,4.577862977981567
45.55.78.249,8080,3,美国-美国,4.735116004943848
120.83.233.143,9999,3,中国-广东-中山,4.740679025650024
5.9.117.40,3128,3,德国-德国,4.783052921295166
223.99.228.108,80,3,中国-山东,4.813910961151123
101.251.199.66,3128,3,中国-北京-北京,4.819261074066162
88.204.163.131,3128,3,哈萨克斯坦-哈萨克斯坦,4.881659030914307
198.50.211.54,80,3,加拿大-加拿大,4.900878190994263
91.205.173.222,3128,3,德国-德国,4.935708045959473
183.147.24.68,8118,3,中国-浙江-金华,4.961208820343018
82.102.14.187,8080,3,英国-英国,5.000400066375732
121.41.110.73,8080,3,中国-浙江-杭州,5.082961082458496
123.30.238.16,3128,3,越南-越南,5.392904996871948
89.203.249.22,3128,3,捷克-捷克,5.4266510009765625
87.98.219.96,8080,3,法国-法国,5.465751886367798
115.28.188.178,8888,3,中国-山东-青岛,5.523673057556152
175.155.156.112,8118,3,中国-四川-眉山,5.526566028594971
201.55.46.6,80,3,巴西-巴西,5.59049916267395
218.82.85.29,1080,3,中国-上海-上海,5.659165143966675
119.28.19.222,8888,3,中国-香港,5.671205997467041
121.46.4.17,3128,3,中国-广东-广州-ofidc.com,5.676177024841309
221.182.89.234,63000,3,中国-四川-自贡,5.761749029159546
192.3.29.151,80,3,美国-美国,5.812943935394287
179.60.214.54,8080,3,特立尼达和多巴哥-特立尼达和多巴哥,5.833721876144409
183.129.151.130,80,3,中国-浙江-杭州,5.849530935287476
137.135.166.225,8139,3,爱尔兰-爱尔兰,5.89070200920105
92.222.237.12,8898,3,法国-法国,5.980509996414185
223.25.103.154,3128,3,印度尼西亚-印度尼西亚,6.0296900272369385
86.105.55.40,3128,3,意大利-意大利,6.068341016769409
78.156.49.234,80,3,捷克-捷克,6.074820041656494
36.232.112.91,3128,3,中国-台湾,6.089911937713623
121.10.234.15,3128,3,中国-广东-肇庆,6.109559059143066
77.110.142.181,8080,3,匈牙利-匈牙利,6.167983055114746
120.194.18.90,81,3,中国-河南-郑州,6.210179090499878
122.226.152.2,3128,3,中国-浙江-台州,6.225272178649902
171.5.133.50,8080,3,泰国-泰国,6.272902011871338
43.229.84.159,80,3,新加坡-新加坡,6.30473518371582
220.176.211.119,3128,3,中国-江西-上饶,6.331876039505005
121.41.93.254,80,3,中国-浙江-杭州,6.397607088088989
118.172.9.27,8080,3,泰国-泰国,6.520770788192749
51.254.106.67,80,3,法国-法国,6.529907941818237
144.76.71.196,3128,3,德国-德国,6.553125858306885
112.78.178.3,8080,3,印度尼西亚-印度尼西亚,6.576249122619629
52.169.237.135,80,3,美国-美国,6.646209955215454
128.199.208.144,80,3,新加坡-新加坡,6.715286016464233
177.130.59.66,3128,3,巴西-巴西,6.7394859790802
202.105.179.164,3128,3,中国-广东-珠海,6.811611175537109
151.248.120.79,8118,3,俄罗斯-俄罗斯,6.867414951324463
59.124.90.150,80,3,中国-台湾,6.895560026168823
202.105.195.234,3128,3,中国-广东-东莞,6.919449090957642
125.114.92.250,3128,3,中国-浙江-宁波,6.929828882217407
42.57.144.89,81,3,中国-辽宁-锦州,7.054693937301636
62.165.42.170,8080,3,俄罗斯-俄罗斯,7.105603933334351
177.158.146.91,8080,3,巴西-巴西,7.11616587638855
123.146.128.15,3128,3,中国-重庆-重庆,7.152956008911133
171.214.176.133,81,3,中国-四川-成都,7.155853986740112
122.5.225.178,8888,3,中国-山东-菏泽,7.179966926574707
109.104.165.213,8080,3,乌克兰-乌克兰,7.181521892547607
112.254.23.45,81,3,中国-山东-青岛,7.182070970535278
124.206.167.250,3128,3,中国-北京-北京,7.212999105453491
117.93.102.43,81,3,中国-江苏-盐城,7.247191905975342
220.248.229.45,3128,3,中国-安徽-合肥,7.280327796936035
60.217.62.225,81,3,中国-山东-滨州,7.282213926315308
60.212.10.188,81,3,中国-山东-烟台,7.288944959640503
110.73.44.155,8123,3,中国-广西-防城港,7.331061840057373
39.65.55.61,81,3,中国-山东-青岛,7.371891021728516
210.13.75.34,80,3,中国-上海-上海,7.402455806732178
118.144.151.145,3128,3,中国-北京-北京,7.423233985900879
142.4.118.201,80,3,美国-美国,7.425638914108276
54.187.130.136,3128,3,美国-美国,7.430263996124268
39.65.58.107,81,3,中国-山东-青岛,7.438611030578613
90.152.38.178,1080,3,英国-英国,7.456663131713867
151.248.115.172,8118,3,俄罗斯-俄罗斯,7.5343639850616455
153.99.4.14,81,3,中国-江苏-淮安,7.537569046020508
61.134.34.148,3128,3,中国-陕西-宝鸡,7.56701397895813
116.76.114.217,81,3,中国-广东-深圳,7.601818799972534
182.119.90.14,81,3,中国-河南-郑州,7.615128040313721
118.202.26.61,8998,3,中国-辽宁-沈阳-东北大学,7.762398958206177
91.247.250.209,8080,3,俄罗斯-俄罗斯,7.860901117324829
42.96.129.44,8088,3,中国-山东-青岛,7.8623740673065186
60.191.170.148,3128,3,中国-浙江-台州,7.912599086761475
123.108.14.94,80,3,印度尼西亚-印度尼西亚,7.9571778774261475
61.162.223.41,9797,3,中国-山东-日照,8.04541301727295
5.53.16.183,8080,3,俄罗斯-俄罗斯,8.088261127471924
203.172.222.94,8080,3,泰国-泰国,8.127786874771118
211.143.45.216,3128,3,中国-湖南-张家界,8.161543130874634
158.69.210.29,80,3,加拿大-加拿大,8.164204835891724
94.177.164.72,80,3,罗马尼亚-罗马尼亚,8.194874048233032
194.58.102.145,8118,3,俄罗斯-俄罗斯,8.197725057601929
94.23.157.1,8080,3,法国-法国,8.421703815460205
212.227.72.160,80,3,德国-德国,8.448862075805664
139.196.140.9,80,3,中国-上海-上海,8.513078927993774
213.24.57.249,8080,3,俄罗斯-俄罗斯,8.55910587310791
81.1.181.205,80,3,俄罗斯-俄罗斯,8.594523906707764
188.165.209.140,3128,3,法国-法国,8.615592002868652
45.64.11.201,8080,3,印度-印度,8.693506956100464
103.253.145.86,8080,3,新加坡-新加坡,8.70346212387085
124.206.186.161,3128,3,中国-北京-北京,8.750379085540771
89.249.253.10,80,3,俄罗斯-俄罗斯,8.78444218635559
200.46.86.66,3128,3,巴拿马-巴拿马,8.905112981796265
177.67.153.10,3128,3,巴西-巴西,8.962553024291992
179.243.48.45,8080,3,巴西-巴西,8.983479022979736
103.18.4.13,9000,3,越南-越南,9.027972936630249
77.251.233.243,80,3,荷兰-荷兰,9.030788898468018
120.76.79.21,80,3,中国-广东-深圳,9.078685998916626
60.191.160.20,3128,3,中国-浙江-台州,9.14431095123291
185.91.171.102,8080,3,捷克-捷克,9.209310054779053
58.243.0.162,9999,3,中国-安徽-安庆,9.278964042663574
41.33.180.107,8080,3,埃及-埃及,9.281288146972656
219.131.109.100,3128,3,中国-广东-肇庆,9.36647915840149
124.193.9.6,3128,3,中国-北京-北京,9.378384828567505
94.177.225.141,1907,3,罗马尼亚-罗马尼亚,9.378520011901855
123.7.88.2,3128,3,中国-河南-信阳,9.391893863677979
123.125.115.74,80,3,中国-北京-北京,9.456155776977539
77.50.220.92,8080,3,俄罗斯-俄罗斯,9.487106084823608
123.7.88.171,3128,3,中国-河南-信阳,9.692628860473633
51.254.106.64,80,3,法国-法国,9.744671106338501
219.145.218.18,3128,3,中国-陕西-汉中,9.859443187713623
221.211.110.34,3128,3,中国-黑龙江-伊春,10.047745943069458
45.55.212.127,80,3,美国-美国,10.068832874298096
186.249.2.138,80,3,巴西-巴西,10.093274116516113
52.66.144.230,3128,3,美国-美国,10.16932201385498
52.43.248.144,3128,3,美国-美国,10.216356992721558
122.96.59.104,83,3,中国-江苏-南京,10.259546041488647
122.96.59.106,843,3,中国-江苏-南京,10.317575931549072
139.59.249.168,8080,3,澳大利亚-澳大利亚,10.350549936294556
101.200.169.110,80,3,中国-北京-北京,10.351639032363892
118.144.104.254,3128,3,中国-北京-北京,10.35353684425354
187.52.12.207,8080,3,巴西-巴西,10.39142394065857
185.114.234.21,80,3,意大利-意大利,10.473317861557007
122.52.133.5,8080,3,菲律宾-菲律宾,10.521231889724731
122.96.59.106,80,3,中国-江苏-南京,10.596704959869385
124.193.33.233,3128,3,中国-北京-北京,10.64177393913269
52.18.241.149,3128,3,爱尔兰-爱尔兰,10.707544088363647
118.144.213.85,3128,3,中国-北京-北京,10.817017078399658
45.40.143.57,80,3,美国-美国,10.834013938903809
191.37.157.18,8080,3,巴西-巴西,10.924021005630493
175.150.172.23,8888,3,中国-辽宁-盘锦,10.927111864089966
45.121.216.219,3128,3,印度尼西亚-印度尼西亚,11.030518054962158
104.196.6.202,80,3,美国-美国,11.186759948730469
45.63.76.243,3128,3,美国-美国,11.199930906295776
203.130.228.60,8080,3,印度尼西亚-印度尼西亚,11.257451057434082
52.68.232.252,3128,3,日本-日本,11.277753829956055
95.48.188.106,8080,3,波兰-波兰,11.579925060272217
49.204.137.118,8080,3,印度-印度,11.812443017959595
184.69.67.122,80,3,加拿大-加拿大,11.855988025665283
119.1.170.3,80,3,中国-贵州-安顺,11.895557880401611
134.35.187.208,8080,3,美国-美国,11.946836948394775
210.22.134.30,80,3,中国-上海-上海,12.144801139831543
120.76.243.40,80,3,中国-广东-深圳,12.2277991771698
117.239.196.28,8080,3,印度-印度,12.310567140579224
211.103.148.66,3128,3,中国-北京-北京,12.505959033966064
120.24.73.165,3128,3,中国-广东-深圳,12.874020099639893
93.50.185.121,3128,3,意大利-意大利,12.878552913665771
137.135.166.225,8132,3,爱尔兰-爱尔兰,12.977774858474731
112.95.152.222,8080,3,中国-广东-深圳,13.609462976455688
113.185.19.192,80,3,越南-越南,13.675772905349731
46.253.135.237,8080,3,伊拉克-伊拉克,13.699757099151611
103.247.101.102,8080,3,印度尼西亚-印度尼西亚,13.766690969467163
202.53.168.125,8080,3,孟加拉-孟加拉,13.831348896026611
78.159.82.4,8080,3,波兰-波兰,14.840544939041138
110.73.39.165,8123,3,中国-广西-防城港,15.050877094268799
186.46.220.117,80,3,厄瓜多尔-厄瓜多尔,15.969902992248535
182.253.38.201,3128,3,印度尼西亚-印度尼西亚,16.361320972442627
128.199.132.114,8080,3,新加坡-新加坡,16.66863489151001
183.82.56.201,8080,3,印度-印度,17.332247018814087
82.107.202.30,8080,3,意大利-意大利,17.37189793586731
190.220.110.185,8080,3,阿根廷-阿根廷,18.033758878707886
94.177.243.88,3128,3,罗马尼亚-罗马尼亚,20.813570022583008
